student_id,segment_id,high_anxiety_risk_real,high_anxiety_risk_predicted,risk_score,risk_score_level,analysis_date
1,0,0,0,0.4658496979170898,Medio,2026-05-09
2,1,0,1,0.5270209100353195,Medio,2026-05-09
3,2,0,0,0.3955264477294345,Bajo,2026-05-09
4,6,1,0,0.4540938650347542,Medio,2026-05-09
5,5,0,0,0.484133822768042,Medio,2026-05-09
6,1,0,1,0.5740547834565709,Medio,2026-05-09
7,0,0,0,0.49936087654862704,Medio,2026-05-09
8,5,1,1,0.5542608247390678,Medio,2026-05-09
9,5,1,1,0.610923134706047,Medio,2026-05-09
10,2,0,0,0.42426185123179566,Medio,2026-05-09
11,1,1,1,0.5617415345933676,Medio,2026-05-09
12,3,1,1,0.5530903437891124,Medio,2026-05-09
13,4,1,0,0.48952354861916253,Medio,2026-05-09
14,3,1,1,0.5321718321809203,Medio,2026-05-09
15,2,1,1,0.5223598241651406,Medio,2026-05-09
16,2,1,1,0.636243201798083,Medio,2026-05-09
17,5,0,1,0.5184799073868344,Medio,2026-05-09
18,3,1,1,0.6253853240372631,Medio,2026-05-09
19,4,1,1,0.5664403596952556,Medio,2026-05-09
20,3,0,0,0.36183816437768995,Bajo,2026-05-09
21,5,0,1,0.5330859736302842,Medio,2026-05-09
22,1,0,0,0.4268748751773904,Medio,2026-05-09
23,2,0,0,0.461572068233636,Medio,2026-05-09
24,3,1,1,0.5630234003210572,Medio,2026-05-09
25,5,1,1,0.6019221350155872,Medio,2026-05-09
26,0,0,0,0.4420327940583909,Medio,2026-05-09
27,6,1,1,0.6361535649595819,Medio,2026-05-09
28,3,0,1,0.5097566907816808,Medio,2026-05-09
29,5,1,1,0.5358235689952929,Medio,2026-05-09
30,3,0,0,0.429112825585589,Medio,2026-05-09
31,1,0,0,0.41167021477279897,Medio,2026-05-09
32,0,0,0,0.4479847641373134,Medio,2026-05-09
33,5,1,1,0.5497821822435275,Medio,2026-05-09
34,0,0,0,0.4285954887367479,Medio,2026-05-09
35,2,0,0,0.41228378413186256,Medio,2026-05-09
36,5,0,0,0.46122067925446203,Medio,2026-05-09
37,3,1,1,0.5462484665657086,Medio,2026-05-09
38,5,1,1,0.5950019586927984,Medio,2026-05-09
39,3,1,1,0.6446996721286805,Medio,2026-05-09
40,5,1,1,0.5895336151746119,Medio,2026-05-09
41,4,0,0,0.4729881535005471,Medio,2026-05-09
42,0,0,0,0.4199774505788051,Medio,2026-05-09
43,1,0,0,0.42501627152863264,Medio,2026-05-09
44,3,0,0,0.39417195588547144,Bajo,2026-05-09
45,1,0,0,0.38430140391640444,Bajo,2026-05-09
46,5,0,0,0.46587935857530377,Medio,2026-05-09
47,6,1,1,0.6290257193264686,Medio,2026-05-09
48,3,0,0,0.4165645450042637,Medio,2026-05-09
49,3,0,0,0.4606519917380291,Medio,2026-05-09
50,3,1,1,0.528375065338218,Medio,2026-05-09
51,2,0,0,0.3553658940398175,Bajo,2026-05-09
52,2,1,0,0.43883219631746195,Medio,2026-05-09
53,5,1,1,0.5656781830283579,Medio,2026-05-09
54,0,0,0,0.423035344386208,Medio,2026-05-09
55,1,0,0,0.4405657710288363,Medio,2026-05-09
56,6,0,1,0.538545195708299,Medio,2026-05-09
57,4,1,1,0.530780843030304,Medio,2026-05-09
58,1,0,0,0.46088621510775435,Medio,2026-05-09
59,4,0,0,0.43821241155463947,Medio,2026-05-09
60,1,0,1,0.5478807399358383,Medio,2026-05-09
61,5,1,1,0.534261321926406,Medio,2026-05-09
62,2,0,0,0.4121573957544441,Medio,2026-05-09
63,2,0,0,0.407908628808149,Medio,2026-05-09
64,3,1,1,0.5373256356895315,Medio,2026-05-09
65,1,0,0,0.49343593768010213,Medio,2026-05-09
66,3,1,1,0.5606641304407659,Medio,2026-05-09
67,6,1,1,0.5439073400933156,Medio,2026-05-09
68,6,0,0,0.4738182496252349,Medio,2026-05-09
69,1,0,0,0.420475301121518,Medio,2026-05-09
70,1,0,0,0.4421805356602009,Medio,2026-05-09
71,0,0,0,0.34498772715443743,Bajo,2026-05-09
72,2,1,0,0.4347067686795781,Medio,2026-05-09
73,6,1,1,0.6132630109528785,Medio,2026-05-09
74,0,0,0,0.4383182827099872,Medio,2026-05-09
75,2,0,0,0.3500231354710141,Bajo,2026-05-09
76,6,1,1,0.6589469644424178,Medio,2026-05-09
77,5,0,0,0.4425247252947265,Medio,2026-05-09
78,2,0,0,0.34285101518239713,Bajo,2026-05-09
79,2,0,0,0.37754210569636726,Bajo,2026-05-09
80,0,0,0,0.4029589036232174,Medio,2026-05-09
81,0,0,0,0.46615955058202196,Medio,2026-05-09
82,0,0,0,0.4725986945339503,Medio,2026-05-09
83,5,1,0,0.4732990848017283,Medio,2026-05-09
84,4,0,0,0.4726916295494828,Medio,2026-05-09
85,0,0,0,0.4060693973444788,Medio,2026-05-09
86,6,1,0,0.45529603247043765,Medio,2026-05-09
87,2,0,0,0.45518793277353564,Medio,2026-05-09
88,4,1,0,0.48433918708411866,Medio,2026-05-09
89,1,0,0,0.46707047007634694,Medio,2026-05-09
90,4,1,1,0.5254044092283864,Medio,2026-05-09
91,1,0,0,0.3847611706812377,Bajo,2026-05-09
92,2,0,0,0.3979506536816749,Bajo,2026-05-09
93,1,0,0,0.4070289600258081,Medio,2026-05-09
94,5,1,0,0.48850902785562317,Medio,2026-05-09
95,1,0,0,0.41699387398034843,Medio,2026-05-09
96,5,0,0,0.43251522729484515,Medio,2026-05-09
97,2,0,0,0.33106698935993856,Bajo,2026-05-09
98,5,0,0,0.4294330251151344,Medio,2026-05-09
99,1,0,0,0.376438476041799,Bajo,2026-05-09
100,2,0,0,0.4858974044170196,Medio,2026-05-09
101,1,0,0,0.3839327796932627,Bajo,2026-05-09
102,3,1,1,0.5002298104471036,Medio,2026-05-09
103,3,0,0,0.44232109547355525,Medio,2026-05-09
104,4,1,0,0.43691948047154194,Medio,2026-05-09
105,3,0,0,0.39780643753828765,Bajo,2026-05-09
106,3,0,0,0.3494489718670538,Bajo,2026-05-09
107,3,0,0,0.38437771705886653,Bajo,2026-05-09
108,3,1,1,0.5037201049845513,Medio,2026-05-09
109,3,0,0,0.4693254999817404,Medio,2026-05-09
110,6,1,1,0.5492933587107819,Medio,2026-05-09
111,6,0,0,0.4126237972540989,Medio,2026-05-09
112,1,0,1,0.5025175672999017,Medio,2026-05-09
113,0,0,0,0.42040373448018464,Medio,2026-05-09
114,3,0,0,0.40030061499413355,Medio,2026-05-09
115,4,1,1,0.5110455763610172,Medio,2026-05-09
116,0,0,0,0.4996319765796269,Medio,2026-05-09
117,4,0,0,0.343159887916203,Bajo,2026-05-09
118,4,1,1,0.538873016057738,Medio,2026-05-09
119,1,1,1,0.554867592938457,Medio,2026-05-09
120,5,0,0,0.4191915472643952,Medio,2026-05-09
121,2,0,0,0.37631512645920606,Bajo,2026-05-09
122,6,1,1,0.6088404265812268,Medio,2026-05-09
123,6,1,1,0.5159508674266761,Medio,2026-05-09
124,0,0,0,0.3703075235372072,Bajo,2026-05-09
125,5,1,1,0.5174111729954448,Medio,2026-05-09
126,6,1,1,0.5938013198638884,Medio,2026-05-09
127,2,0,0,0.4481172247136479,Medio,2026-05-09
128,0,0,0,0.4477682073272787,Medio,2026-05-09
129,5,1,1,0.588347192240872,Medio,2026-05-09
130,6,1,1,0.522491485213219,Medio,2026-05-09
131,0,0,0,0.36828708828833484,Bajo,2026-05-09
132,1,0,0,0.42057300185152047,Medio,2026-05-09
133,1,0,0,0.4008855385072364,Medio,2026-05-09
134,2,0,0,0.395895276748479,Bajo,2026-05-09
135,0,0,0,0.4702200709945871,Medio,2026-05-09
136,1,0,0,0.416670357752938,Medio,2026-05-09
137,0,0,0,0.3605588306850674,Bajo,2026-05-09
138,3,0,0,0.4500623343347419,Medio,2026-05-09
139,2,0,0,0.3762795420679095,Bajo,2026-05-09
140,5,1,0,0.4405625257234502,Medio,2026-05-09
141,0,0,0,0.48746437515870644,Medio,2026-05-09
142,5,0,0,0.41528328209002896,Medio,2026-05-09
143,2,0,0,0.44166478323756303,Medio,2026-05-09
144,5,0,1,0.5335942607318686,Medio,2026-05-09
145,3,0,1,0.5191261584542572,Medio,2026-05-09
146,3,0,0,0.45167356006945397,Medio,2026-05-09
147,3,0,0,0.3988149478790193,Bajo,2026-05-09
148,3,0,0,0.4175080958033525,Medio,2026-05-09
149,6,1,1,0.6267535104564912,Medio,2026-05-09
150,3,1,0,0.3587859190320993,Bajo,2026-05-09
151,0,0,1,0.5030726293318835,Medio,2026-05-09
152,0,0,1,0.5174264408228018,Medio,2026-05-09
153,2,1,1,0.5070329473443426,Medio,2026-05-09
154,4,0,1,0.5133941161567488,Medio,2026-05-09
155,4,0,0,0.38136116409410126,Bajo,2026-05-09
156,4,1,1,0.5725894960838186,Medio,2026-05-09
157,5,1,1,0.6194998902152371,Medio,2026-05-09
158,0,0,0,0.3526591772953159,Bajo,2026-05-09
159,6,1,1,0.6456481871360858,Medio,2026-05-09
160,4,1,1,0.5175159583810904,Medio,2026-05-09
161,6,1,0,0.4821116419117456,Medio,2026-05-09
162,0,0,0,0.4689842646288136,Medio,2026-05-09
163,5,0,0,0.4262188673047712,Medio,2026-05-09
164,4,1,1,0.5886392838377031,Medio,2026-05-09
165,1,0,0,0.37503500177574894,Bajo,2026-05-09
166,1,0,1,0.6122758055997698,Medio,2026-05-09
167,1,0,0,0.4967484699237374,Medio,2026-05-09
168,6,1,1,0.652454106690621,Medio,2026-05-09
169,2,0,0,0.406884966416534,Medio,2026-05-09
170,1,1,0,0.4563457396222358,Medio,2026-05-09
171,0,0,0,0.3921973614837199,Bajo,2026-05-09
172,3,1,0,0.4927985378318833,Medio,2026-05-09
173,3,0,0,0.3755873966116831,Bajo,2026-05-09
174,0,0,0,0.4223820936029843,Medio,2026-05-09
175,5,1,1,0.5689648211153989,Medio,2026-05-09
176,1,0,0,0.47404657483799406,Medio,2026-05-09
177,4,0,0,0.4397175468450134,Medio,2026-05-09
178,6,1,1,0.5492604735686829,Medio,2026-05-09
179,6,1,1,0.5773137593247634,Medio,2026-05-09
180,3,1,1,0.55764781756443,Medio,2026-05-09
181,1,1,1,0.5726162591160919,Medio,2026-05-09
182,1,0,0,0.4028123565629879,Medio,2026-05-09
183,0,0,0,0.4136970583589975,Medio,2026-05-09
184,1,0,0,0.46602793739740617,Medio,2026-05-09
185,3,1,1,0.5386745476717891,Medio,2026-05-09
186,6,1,1,0.6391009362083061,Medio,2026-05-09
187,4,0,0,0.48488637881049745,Medio,2026-05-09
188,1,1,1,0.5148875618753919,Medio,2026-05-09
189,0,0,0,0.40426698295039093,Medio,2026-05-09
190,0,0,0,0.4672716160295205,Medio,2026-05-09
191,5,1,1,0.5044339050248514,Medio,2026-05-09
192,6,1,1,0.5289031330004719,Medio,2026-05-09
193,1,0,0,0.4012574006327543,Medio,2026-05-09
194,3,1,1,0.5562087047673616,Medio,2026-05-09
195,0,0,0,0.4766015098440175,Medio,2026-05-09
196,4,1,0,0.4741320310398216,Medio,2026-05-09
197,3,0,0,0.45650395467250776,Medio,2026-05-09
198,1,0,0,0.4391593972249465,Medio,2026-05-09
199,4,1,1,0.6544094110126545,Medio,2026-05-09
200,3,0,0,0.42013203179316316,Medio,2026-05-09
201,4,1,1,0.5974537852381905,Medio,2026-05-09
202,6,1,1,0.596744092130634,Medio,2026-05-09
203,3,0,0,0.3853566460508726,Bajo,2026-05-09
204,6,1,1,0.5636739474458743,Medio,2026-05-09
205,0,0,0,0.35902398954794856,Bajo,2026-05-09
206,2,0,0,0.3914594915210003,Bajo,2026-05-09
207,0,1,1,0.6474625558852867,Medio,2026-05-09
208,0,0,0,0.48407103436524934,Medio,2026-05-09
209,3,1,0,0.4605119624644587,Medio,2026-05-09
210,6,0,0,0.4799202864666119,Medio,2026-05-09
211,6,0,0,0.42957975481498195,Medio,2026-05-09
212,4,1,1,0.5434231864717407,Medio,2026-05-09
213,3,1,0,0.43421353456411865,Medio,2026-05-09
214,2,0,0,0.3922820315013662,Bajo,2026-05-09
215,1,0,0,0.411043486769384,Medio,2026-05-09
216,6,1,1,0.6403637416877608,Medio,2026-05-09
217,1,1,1,0.5285318092979479,Medio,2026-05-09
218,1,0,0,0.41507684953088997,Medio,2026-05-09
219,2,1,0,0.4956075280262511,Medio,2026-05-09
220,4,1,1,0.5450738999031186,Medio,2026-05-09
221,0,0,0,0.4043725531435707,Medio,2026-05-09
222,5,1,1,0.5190980465530091,Medio,2026-05-09
223,2,0,0,0.3865759671211933,Bajo,2026-05-09
224,0,0,0,0.4981936567120357,Medio,2026-05-09
225,5,1,1,0.5534773168569864,Medio,2026-05-09
226,5,1,0,0.4875171037251392,Medio,2026-05-09
227,4,0,0,0.4062811832419515,Medio,2026-05-09
228,1,0,0,0.4132609616589001,Medio,2026-05-09
229,6,0,1,0.524628798183674,Medio,2026-05-09
230,5,1,1,0.591001759425102,Medio,2026-05-09
231,0,0,0,0.38592213662835306,Bajo,2026-05-09
232,5,1,1,0.5724325987206229,Medio,2026-05-09
233,6,1,0,0.4998423382172505,Medio,2026-05-09
234,4,1,1,0.5621889645783135,Medio,2026-05-09
235,3,0,0,0.3789412347264025,Bajo,2026-05-09
236,5,1,1,0.5520787743895025,Medio,2026-05-09
237,1,0,0,0.4488459221244061,Medio,2026-05-09
238,0,0,0,0.49479048371512635,Medio,2026-05-09
239,5,0,0,0.45302082298847096,Medio,2026-05-09
240,1,0,0,0.41583372174463773,Medio,2026-05-09
241,5,1,1,0.5427210038385081,Medio,2026-05-09
242,3,1,1,0.5951159858781611,Medio,2026-05-09
243,2,0,0,0.42944845820249844,Medio,2026-05-09
244,4,0,1,0.5170271434736899,Medio,2026-05-09
245,5,1,0,0.44209402350910565,Medio,2026-05-09
246,1,0,0,0.404470970816242,Medio,2026-05-09
247,6,1,0,0.4624752736185636,Medio,2026-05-09
248,1,0,0,0.4509660765273289,Medio,2026-05-09
249,0,0,0,0.446778639006425,Medio,2026-05-09
250,6,1,1,0.5702001306080254,Medio,2026-05-09
251,6,0,1,0.509442760872881,Medio,2026-05-09
252,6,0,0,0.4116724576409708,Medio,2026-05-09
253,5,0,0,0.48748645855936673,Medio,2026-05-09
254,6,1,1,0.5038907915296772,Medio,2026-05-09
255,4,1,0,0.4644903306139973,Medio,2026-05-09
256,5,1,0,0.47257054531188225,Medio,2026-05-09
257,3,0,0,0.3874753567721479,Bajo,2026-05-09
258,1,0,0,0.38186728418912885,Bajo,2026-05-09
259,6,0,1,0.5442614825463614,Medio,2026-05-09
260,5,1,1,0.5352149984073871,Medio,2026-05-09
261,4,1,0,0.4371908670290978,Medio,2026-05-09
262,0,0,0,0.4273558013369751,Medio,2026-05-09
263,5,1,1,0.5006496492692698,Medio,2026-05-09
264,1,0,0,0.47458695606207635,Medio,2026-05-09
265,5,1,1,0.6147552953040489,Medio,2026-05-09
266,2,0,1,0.5146987901109477,Medio,2026-05-09
267,2,0,0,0.4590571259259828,Medio,2026-05-09
268,3,0,1,0.5221063769761537,Medio,2026-05-09
269,0,0,1,0.5088395198585718,Medio,2026-05-09
270,4,0,0,0.43875119726905715,Medio,2026-05-09
271,5,0,1,0.5102202133273425,Medio,2026-05-09
272,3,1,1,0.5219109565063275,Medio,2026-05-09
273,6,1,1,0.5751333583528512,Medio,2026-05-09
274,4,0,0,0.42516412909288,Medio,2026-05-09
275,3,1,1,0.6103907846697492,Medio,2026-05-09
276,4,1,1,0.6095496979204971,Medio,2026-05-09
277,5,1,1,0.5355630458210003,Medio,2026-05-09
278,4,1,1,0.5159041178553155,Medio,2026-05-09
279,1,0,0,0.3921032753892997,Bajo,2026-05-09
280,4,0,0,0.4118320215625452,Medio,2026-05-09
281,5,1,1,0.5588389093811607,Medio,2026-05-09
282,0,0,1,0.5137890755004729,Medio,2026-05-09
283,1,0,0,0.35908155213236975,Bajo,2026-05-09
284,1,0,0,0.3725202613028523,Bajo,2026-05-09
285,3,0,0,0.4555220227049003,Medio,2026-05-09
286,4,0,0,0.4906641953009833,Medio,2026-05-09
287,0,0,0,0.44344252232320747,Medio,2026-05-09
288,6,1,1,0.5290179123132587,Medio,2026-05-09
289,1,0,0,0.45425002726543257,Medio,2026-05-09
290,6,1,1,0.5483963208013736,Medio,2026-05-09
291,2,1,1,0.6010379471637124,Medio,2026-05-09
292,2,0,0,0.45248961448255726,Medio,2026-05-09
293,3,0,0,0.34908017630356364,Bajo,2026-05-09
294,6,1,0,0.40287772179307796,Medio,2026-05-09
295,5,1,1,0.60409080615399,Medio,2026-05-09
296,6,0,0,0.4653404265967687,Medio,2026-05-09
297,4,0,0,0.3620776145098744,Bajo,2026-05-09
298,0,1,1,0.5529530980109714,Medio,2026-05-09
299,6,1,1,0.5555385245235928,Medio,2026-05-09
300,0,0,1,0.5022663459233703,Medio,2026-05-09
301,4,1,1,0.5916142724305969,Medio,2026-05-09
302,1,0,0,0.4501918804440128,Medio,2026-05-09
303,0,0,0,0.45430505151567985,Medio,2026-05-09
304,1,0,1,0.5079327741366687,Medio,2026-05-09
305,6,1,1,0.5666399620231012,Medio,2026-05-09
306,2,0,0,0.4095179249652101,Medio,2026-05-09
307,6,1,0,0.4832500717994932,Medio,2026-05-09
308,4,0,1,0.5014930321039716,Medio,2026-05-09
309,4,1,1,0.6098125013790753,Medio,2026-05-09
310,1,0,0,0.43757600785001666,Medio,2026-05-09
311,4,1,1,0.5939542961637148,Medio,2026-05-09
312,5,1,1,0.603885546380114,Medio,2026-05-09
313,0,0,0,0.46939762377791155,Medio,2026-05-09
314,1,1,1,0.6322067165724549,Medio,2026-05-09
315,0,0,0,0.4102807974883453,Medio,2026-05-09
316,4,1,0,0.4787204489825072,Medio,2026-05-09
317,0,0,0,0.4496780318889583,Medio,2026-05-09
318,0,0,1,0.5076476313566235,Medio,2026-05-09
319,3,0,0,0.452594153801208,Medio,2026-05-09
320,4,1,1,0.6087921099709972,Medio,2026-05-09
321,2,0,0,0.41403536836358945,Medio,2026-05-09
322,2,1,1,0.5017458069534697,Medio,2026-05-09
323,1,0,0,0.4742697177924665,Medio,2026-05-09
324,4,1,1,0.6447242466746723,Medio,2026-05-09
325,1,0,0,0.4894596089539056,Medio,2026-05-09
326,5,1,1,0.5154023633619618,Medio,2026-05-09
327,6,1,1,0.5337629788128322,Medio,2026-05-09
328,4,0,0,0.48938143563734515,Medio,2026-05-09
329,1,0,0,0.47695176840371867,Medio,2026-05-09
330,6,1,0,0.4888097734960892,Medio,2026-05-09
331,0,0,0,0.3881772081478798,Bajo,2026-05-09
332,4,0,0,0.4501022286471468,Medio,2026-05-09
333,2,0,0,0.3730340370104793,Bajo,2026-05-09
334,3,1,1,0.5645268021252862,Medio,2026-05-09
335,6,1,1,0.6124572619648174,Medio,2026-05-09
336,1,0,0,0.3880745345195421,Bajo,2026-05-09
337,2,0,0,0.43567765656270885,Medio,2026-05-09
338,6,1,1,0.567793227918084,Medio,2026-05-09
339,3,1,1,0.5774545750986773,Medio,2026-05-09
340,4,1,1,0.5627596628718335,Medio,2026-05-09
341,5,1,1,0.5305930900600216,Medio,2026-05-09
342,0,0,1,0.5041271666388404,Medio,2026-05-09
343,3,0,1,0.5302632266649616,Medio,2026-05-09
344,3,0,0,0.4549748596953665,Medio,2026-05-09
345,1,0,0,0.37250365978043,Bajo,2026-05-09
346,6,0,0,0.40179958242805286,Medio,2026-05-09
347,6,1,1,0.6186232979067597,Medio,2026-05-09
348,1,0,0,0.45830184923491357,Medio,2026-05-09
349,5,0,0,0.4743359997569004,Medio,2026-05-09
350,3,0,0,0.3661484601857531,Bajo,2026-05-09
351,5,0,0,0.46569475744895683,Medio,2026-05-09
352,3,1,1,0.5994467230299102,Medio,2026-05-09
353,6,1,0,0.4185953149272741,Medio,2026-05-09
354,5,1,1,0.5064254345766899,Medio,2026-05-09
355,3,0,0,0.40877324201074594,Medio,2026-05-09
356,4,1,1,0.5631298055458627,Medio,2026-05-09
357,2,1,0,0.48147043053804306,Medio,2026-05-09
358,1,0,0,0.4458016820571274,Medio,2026-05-09
359,0,0,0,0.36856856988004116,Bajo,2026-05-09
360,3,0,0,0.4939235343169217,Medio,2026-05-09
361,6,1,1,0.5878358408489048,Medio,2026-05-09
362,2,0,0,0.404438269279512,Medio,2026-05-09
363,0,0,0,0.3840581009583291,Bajo,2026-05-09
364,5,1,1,0.5987933419194805,Medio,2026-05-09
365,1,0,0,0.3945312790031867,Bajo,2026-05-09
366,1,0,0,0.45788878378078357,Medio,2026-05-09
367,0,0,1,0.5421255044586739,Medio,2026-05-09
368,6,1,1,0.5670491075919614,Medio,2026-05-09
369,3,0,0,0.4190056628138316,Medio,2026-05-09
370,4,1,1,0.5882377363575325,Medio,2026-05-09
371,1,0,0,0.47621155070684607,Medio,2026-05-09
372,6,0,1,0.5015874583944405,Medio,2026-05-09
373,1,0,0,0.4707331226142699,Medio,2026-05-09
374,2,0,1,0.5170582565408521,Medio,2026-05-09
375,0,0,1,0.5022243326149415,Medio,2026-05-09
376,6,1,1,0.5887812658659523,Medio,2026-05-09
377,4,0,0,0.4153109025630375,Medio,2026-05-09
378,6,1,1,0.5774002921658412,Medio,2026-05-09
379,3,1,0,0.399113116787207,Bajo,2026-05-09
380,5,1,1,0.6300555965019672,Medio,2026-05-09
381,3,1,1,0.5311768119807114,Medio,2026-05-09
382,2,1,1,0.5093732933998647,Medio,2026-05-09
383,6,0,0,0.4205773618808648,Medio,2026-05-09
384,4,0,0,0.40584548688701416,Medio,2026-05-09
385,4,1,1,0.674100902551711,Medio,2026-05-09
386,4,0,0,0.45680055412360987,Medio,2026-05-09
387,1,0,0,0.4268221922778067,Medio,2026-05-09
388,5,0,0,0.46460323040278795,Medio,2026-05-09
389,4,1,1,0.5441778075035019,Medio,2026-05-09
390,0,0,1,0.5130876072640014,Medio,2026-05-09
391,6,1,1,0.5264749260833387,Medio,2026-05-09
392,4,1,1,0.5982264112458505,Medio,2026-05-09
393,5,1,0,0.48470244311933414,Medio,2026-05-09
394,5,1,1,0.5837038413374058,Medio,2026-05-09
395,0,0,0,0.43435584246381076,Medio,2026-05-09
396,6,0,0,0.3733010964694064,Bajo,2026-05-09
397,6,1,1,0.6626905940161241,Medio,2026-05-09
398,3,0,0,0.43331097336734764,Medio,2026-05-09
399,5,1,1,0.5402627303310461,Medio,2026-05-09
400,3,1,0,0.4432636213650871,Medio,2026-05-09
401,6,1,1,0.566048602469137,Medio,2026-05-09
402,6,1,1,0.5802785192808424,Medio,2026-05-09
403,1,0,0,0.44057017814310845,Medio,2026-05-09
404,4,0,1,0.5095117261949471,Medio,2026-05-09
405,4,0,1,0.5263264733366769,Medio,2026-05-09
406,4,1,1,0.5034769277588328,Medio,2026-05-09
407,1,1,0,0.4401896957637885,Medio,2026-05-09
408,5,1,1,0.5479426254534754,Medio,2026-05-09
409,4,0,0,0.39007542504495546,Bajo,2026-05-09
410,4,1,1,0.5121201346289967,Medio,2026-05-09
411,3,0,0,0.39541293153607393,Bajo,2026-05-09
412,1,0,0,0.4296820516781041,Medio,2026-05-09
413,3,1,0,0.4640215938189365,Medio,2026-05-09
414,0,0,0,0.44899732911602014,Medio,2026-05-09
415,5,1,1,0.5724243456157444,Medio,2026-05-09
416,1,0,1,0.5169062152868125,Medio,2026-05-09
417,0,0,1,0.5968296501365598,Medio,2026-05-09
418,1,0,0,0.4340308953433523,Medio,2026-05-09
419,4,1,1,0.6361783322677877,Medio,2026-05-09
420,6,1,1,0.6300696332999248,Medio,2026-05-09
421,0,0,0,0.44081045922278966,Medio,2026-05-09
422,4,1,1,0.5376210467402794,Medio,2026-05-09
423,2,0,0,0.3928874309409893,Bajo,2026-05-09
424,4,1,1,0.6018203606314553,Medio,2026-05-09
425,5,0,0,0.44552145642274543,Medio,2026-05-09
426,2,0,0,0.46914662735235835,Medio,2026-05-09
427,4,0,0,0.3842474359863555,Bajo,2026-05-09
428,5,0,1,0.5152150885755511,Medio,2026-05-09
429,1,0,0,0.4912105311257656,Medio,2026-05-09
430,4,0,0,0.45658372443514694,Medio,2026-05-09
431,1,0,0,0.49627364975101185,Medio,2026-05-09
432,3,0,0,0.3929464272616054,Bajo,2026-05-09
433,3,0,0,0.42029559029307023,Medio,2026-05-09
434,0,0,0,0.46968444438912216,Medio,2026-05-09
435,0,0,0,0.4811341233719751,Medio,2026-05-09
436,5,1,1,0.5692313209186027,Medio,2026-05-09
437,3,0,0,0.37353974710069443,Bajo,2026-05-09
438,0,0,0,0.3678199040328677,Bajo,2026-05-09
439,4,1,1,0.514982812000211,Medio,2026-05-09
440,3,1,1,0.5078777717176234,Medio,2026-05-09
441,5,0,0,0.43861361447289077,Medio,2026-05-09
442,6,1,1,0.5156180314858207,Medio,2026-05-09
443,0,0,0,0.40760660841972224,Medio,2026-05-09
444,4,1,1,0.500630192664874,Medio,2026-05-09
445,3,0,0,0.37400034626442974,Bajo,2026-05-09
446,0,0,0,0.44309605942989116,Medio,2026-05-09
447,0,0,0,0.48802828464691644,Medio,2026-05-09
448,0,0,0,0.4443079387743811,Medio,2026-05-09
449,3,1,0,0.4967795011557316,Medio,2026-05-09
450,0,1,1,0.6332998976909557,Medio,2026-05-09
451,6,0,0,0.37899690251771034,Bajo,2026-05-09
452,4,0,0,0.3995227723338138,Bajo,2026-05-09
453,6,1,1,0.628121705390836,Medio,2026-05-09
454,5,0,1,0.5190246575363022,Medio,2026-05-09
455,5,1,1,0.6249102254190498,Medio,2026-05-09
456,0,0,0,0.4004162832706978,Medio,2026-05-09
457,5,1,1,0.572094244241795,Medio,2026-05-09
458,1,0,0,0.4649322291432446,Medio,2026-05-09
459,2,1,1,0.5076335359784722,Medio,2026-05-09
460,1,0,0,0.40776767611059417,Medio,2026-05-09
461,3,0,0,0.3953719872865171,Bajo,2026-05-09
462,1,1,0,0.460475545809569,Medio,2026-05-09
463,4,1,1,0.5817339770806895,Medio,2026-05-09
464,4,0,0,0.3690174954841911,Bajo,2026-05-09
465,5,0,1,0.5714776242913933,Medio,2026-05-09
466,4,1,0,0.4925778370444798,Medio,2026-05-09
467,0,0,0,0.37505223121171694,Bajo,2026-05-09
468,0,0,0,0.4370946179054276,Medio,2026-05-09
469,2,1,1,0.5212393143907789,Medio,2026-05-09
470,4,1,0,0.49556962432739465,Medio,2026-05-09
471,3,1,1,0.5515844269056501,Medio,2026-05-09
472,5,1,1,0.5650465778429484,Medio,2026-05-09
473,1,0,0,0.39332083987772315,Bajo,2026-05-09
474,2,0,0,0.37092019101688634,Bajo,2026-05-09
475,6,1,1,0.522881764643389,Medio,2026-05-09
476,5,1,1,0.508558982336726,Medio,2026-05-09
477,5,1,1,0.5349706198145722,Medio,2026-05-09
478,2,0,0,0.4528115993291381,Medio,2026-05-09
479,2,0,0,0.36056469031292926,Bajo,2026-05-09
480,4,0,0,0.4347905823961852,Medio,2026-05-09
481,2,0,0,0.4891773052976476,Medio,2026-05-09
482,3,1,1,0.5287522099385061,Medio,2026-05-09
483,5,0,0,0.4726640890863376,Medio,2026-05-09
484,5,0,0,0.497390861932744,Medio,2026-05-09
485,3,0,0,0.42693248577574133,Medio,2026-05-09
486,0,0,1,0.503591957419922,Medio,2026-05-09
487,2,1,1,0.5740755932340559,Medio,2026-05-09
488,0,0,1,0.5299923309934615,Medio,2026-05-09
489,3,0,0,0.4016750368415298,Medio,2026-05-09
490,3,0,0,0.44552398959868234,Medio,2026-05-09
491,0,0,0,0.3964233225126049,Bajo,2026-05-09
492,2,0,0,0.4240835542142142,Medio,2026-05-09
493,1,1,0,0.40009592865311805,Medio,2026-05-09
494,0,0,1,0.5096969929935077,Medio,2026-05-09
495,0,0,0,0.4327602638553274,Medio,2026-05-09
496,4,0,0,0.42273993655595765,Medio,2026-05-09
497,3,1,1,0.5035848814853549,Medio,2026-05-09
498,4,0,0,0.37662151499562624,Bajo,2026-05-09
499,3,1,0,0.43124124009449083,Medio,2026-05-09
500,1,0,0,0.4985413346806534,Medio,2026-05-09
501,1,0,1,0.5496101469670951,Medio,2026-05-09
502,4,1,0,0.4460518736009745,Medio,2026-05-09
503,4,1,1,0.5482019200910753,Medio,2026-05-09
504,3,0,0,0.4867956249209204,Medio,2026-05-09
505,6,1,1,0.5147081351060361,Medio,2026-05-09
506,2,0,0,0.3748051259943556,Bajo,2026-05-09
507,3,0,0,0.3880975299776002,Bajo,2026-05-09
508,1,0,0,0.49726748398043363,Medio,2026-05-09
509,0,0,0,0.4132552905865914,Medio,2026-05-09
510,5,1,1,0.5387766422619934,Medio,2026-05-09
511,1,0,0,0.39205866820439844,Bajo,2026-05-09
512,1,0,1,0.5107783887607842,Medio,2026-05-09
513,5,0,0,0.45310749698550395,Medio,2026-05-09
514,4,1,1,0.5079153386504858,Medio,2026-05-09
515,1,0,0,0.36421400235209744,Bajo,2026-05-09
516,4,0,0,0.4278064664693674,Medio,2026-05-09
517,5,1,0,0.4678810667254293,Medio,2026-05-09
518,0,0,0,0.3739998145892052,Bajo,2026-05-09
519,1,0,0,0.43270904060315796,Medio,2026-05-09
520,1,0,0,0.39128595801585264,Bajo,2026-05-09
521,0,0,0,0.3725953447356669,Bajo,2026-05-09
522,5,0,0,0.44100395810285226,Medio,2026-05-09
523,0,0,0,0.49983274203297656,Medio,2026-05-09
524,5,1,1,0.5532268635969763,Medio,2026-05-09
525,0,0,0,0.45814933772035765,Medio,2026-05-09
526,0,0,0,0.46643439257830543,Medio,2026-05-09
527,6,1,1,0.5372252398679948,Medio,2026-05-09
528,3,0,1,0.5037168269341494,Medio,2026-05-09
529,3,0,0,0.4011475550717049,Medio,2026-05-09
530,2,1,1,0.5089784820037403,Medio,2026-05-09
531,2,0,0,0.3750908561071823,Bajo,2026-05-09
532,3,0,0,0.43656738460635375,Medio,2026-05-09
533,3,0,0,0.4675041461741199,Medio,2026-05-09
534,1,0,0,0.36458931369845,Bajo,2026-05-09
535,5,1,1,0.594587445400867,Medio,2026-05-09
536,3,0,0,0.3942434925854322,Bajo,2026-05-09
537,2,1,1,0.513641826622258,Medio,2026-05-09
538,4,0,0,0.44213543005111605,Medio,2026-05-09
539,6,1,0,0.4839198697391061,Medio,2026-05-09
540,3,0,0,0.3660257942052932,Bajo,2026-05-09
541,1,0,1,0.5019024198978903,Medio,2026-05-09
542,4,0,1,0.5275884110693593,Medio,2026-05-09
543,3,0,0,0.36911435708929174,Bajo,2026-05-09
544,6,1,0,0.39089888771021597,Bajo,2026-05-09
545,2,1,1,0.515739871991936,Medio,2026-05-09
546,2,0,0,0.37492102673805855,Bajo,2026-05-09
547,0,0,0,0.42339808301687454,Medio,2026-05-09
548,2,1,1,0.5595863105478817,Medio,2026-05-09
549,0,0,0,0.48991498905992287,Medio,2026-05-09
550,0,0,0,0.4892525606361627,Medio,2026-05-09
551,5,0,0,0.38488796804032643,Bajo,2026-05-09
552,3,0,0,0.40433797663693527,Medio,2026-05-09
553,0,0,0,0.4397496248310464,Medio,2026-05-09
554,4,1,1,0.5596591267408362,Medio,2026-05-09
555,4,1,1,0.529704098799372,Medio,2026-05-09
556,1,0,0,0.42830346879333836,Medio,2026-05-09
557,5,0,0,0.44984086687168623,Medio,2026-05-09
558,0,0,0,0.39407730593986395,Bajo,2026-05-09
559,6,1,0,0.40257631483033424,Medio,2026-05-09
560,6,1,1,0.518562840738498,Medio,2026-05-09
561,3,0,0,0.45302118517064593,Medio,2026-05-09
562,4,1,1,0.5336972831235831,Medio,2026-05-09
563,6,1,1,0.6034291256982676,Medio,2026-05-09
564,6,1,1,0.561933871991735,Medio,2026-05-09
565,0,1,1,0.5974964001209382,Medio,2026-05-09
566,1,0,0,0.3812538247447935,Bajo,2026-05-09
567,6,1,1,0.5440177916873722,Medio,2026-05-09
568,0,0,1,0.5474326036726863,Medio,2026-05-09
569,1,0,0,0.3840135628617594,Bajo,2026-05-09
570,6,1,0,0.3800492386763603,Bajo,2026-05-09
571,1,0,0,0.3650701235208727,Bajo,2026-05-09
572,6,1,1,0.562477167700788,Medio,2026-05-09
573,0,0,0,0.41302858771803075,Medio,2026-05-09
574,6,1,1,0.5653051889989655,Medio,2026-05-09
575,6,1,1,0.6185843485058896,Medio,2026-05-09
576,2,0,0,0.39700824473420887,Bajo,2026-05-09
577,1,0,0,0.44576467577651135,Medio,2026-05-09
578,5,1,0,0.47172711676281637,Medio,2026-05-09
579,3,1,0,0.4892743858053503,Medio,2026-05-09
580,2,0,0,0.45388316335602524,Medio,2026-05-09
581,4,0,0,0.4365268073055358,Medio,2026-05-09
582,4,1,1,0.5475884491826287,Medio,2026-05-09
583,3,0,0,0.40470078883637606,Medio,2026-05-09
584,3,1,1,0.5062749920325832,Medio,2026-05-09
585,5,1,1,0.5909979711334016,Medio,2026-05-09
586,5,1,1,0.6020604278671126,Medio,2026-05-09
587,0,0,0,0.4645781379378951,Medio,2026-05-09
588,4,1,1,0.5545492955520797,Medio,2026-05-09
589,2,1,1,0.5042531010605321,Medio,2026-05-09
590,0,0,0,0.42266290529142153,Medio,2026-05-09
591,2,1,0,0.48592078307812764,Medio,2026-05-09
592,4,1,1,0.6385961048826693,Medio,2026-05-09
593,3,0,0,0.3648908060723256,Bajo,2026-05-09
594,1,0,0,0.45991769903991014,Medio,2026-05-09
595,3,0,0,0.416623361892092,Medio,2026-05-09
596,6,1,1,0.5060486940662406,Medio,2026-05-09
597,1,0,0,0.37774539360042114,Bajo,2026-05-09
598,5,0,0,0.48148732385072124,Medio,2026-05-09
599,3,0,0,0.3824042848535945,Bajo,2026-05-09
600,1,0,0,0.4279048240269855,Medio,2026-05-09
601,5,1,1,0.6224612790319081,Medio,2026-05-09
602,5,1,1,0.5905592910011357,Medio,2026-05-09
603,1,0,0,0.40016150665073547,Medio,2026-05-09
604,4,1,0,0.4948945898527894,Medio,2026-05-09
605,1,0,0,0.3962002467201484,Bajo,2026-05-09
606,3,1,1,0.5044730873896639,Medio,2026-05-09
607,2,0,0,0.3948731472144772,Bajo,2026-05-09
608,2,0,0,0.4142931277467967,Medio,2026-05-09
609,4,1,1,0.6314413932470975,Medio,2026-05-09
610,4,1,0,0.4154897470684341,Medio,2026-05-09
611,2,1,0,0.406375505830691,Medio,2026-05-09
612,3,0,0,0.452937261094561,Medio,2026-05-09
613,6,1,0,0.4667257679717363,Medio,2026-05-09
614,3,1,0,0.38821742155369826,Bajo,2026-05-09
615,5,0,0,0.4993597962754121,Medio,2026-05-09
616,2,0,0,0.45295294280027476,Medio,2026-05-09
617,0,0,0,0.45535536828844797,Medio,2026-05-09
618,6,1,1,0.5325079958555958,Medio,2026-05-09
619,1,0,0,0.41570581006021234,Medio,2026-05-09
620,3,0,0,0.46367648799859496,Medio,2026-05-09
621,4,1,1,0.5250882183288232,Medio,2026-05-09
622,4,0,0,0.40493217542446547,Medio,2026-05-09
623,5,1,1,0.5198757461854846,Medio,2026-05-09
624,3,1,1,0.5180242105506139,Medio,2026-05-09
625,3,0,0,0.46883232760198523,Medio,2026-05-09
626,2,0,0,0.41898707418131254,Medio,2026-05-09
627,2,1,1,0.6297539338852615,Medio,2026-05-09
628,6,0,0,0.40374593956159166,Medio,2026-05-09
629,1,0,0,0.3738506995223422,Bajo,2026-05-09
630,6,1,1,0.5746935163925956,Medio,2026-05-09
631,3,1,0,0.39720105821482093,Bajo,2026-05-09
632,1,0,1,0.5395369078499477,Medio,2026-05-09
633,3,1,1,0.5318010778746909,Medio,2026-05-09
634,1,0,0,0.4070580123841323,Medio,2026-05-09
635,5,0,0,0.4154639869937261,Medio,2026-05-09
636,1,0,0,0.4059212519925301,Medio,2026-05-09
637,3,1,0,0.4996397938001684,Medio,2026-05-09
638,0,0,0,0.45147911286110315,Medio,2026-05-09
639,1,0,0,0.4263154579155735,Medio,2026-05-09
640,6,1,1,0.6119466008345374,Medio,2026-05-09
641,6,1,1,0.562356702597005,Medio,2026-05-09
642,5,1,1,0.6229819885114176,Medio,2026-05-09
643,4,1,0,0.48386851946098913,Medio,2026-05-09
644,3,1,1,0.577606530548023,Medio,2026-05-09
645,5,1,0,0.47618615213227244,Medio,2026-05-09
646,3,0,1,0.528521995156119,Medio,2026-05-09
647,4,0,0,0.4866431082258196,Medio,2026-05-09
648,6,1,0,0.495460617696075,Medio,2026-05-09
649,2,0,1,0.5315931696291929,Medio,2026-05-09
650,2,1,1,0.5064672582226705,Medio,2026-05-09
651,2,0,0,0.42566033067476794,Medio,2026-05-09
652,4,1,0,0.49738445049236985,Medio,2026-05-09
653,4,1,1,0.5145273075753759,Medio,2026-05-09
654,2,0,0,0.3548269213839161,Bajo,2026-05-09
655,0,0,0,0.46955223244617145,Medio,2026-05-09
656,1,0,0,0.42111063492817735,Medio,2026-05-09
657,6,0,1,0.5841115787823267,Medio,2026-05-09
658,4,0,1,0.506824210685027,Medio,2026-05-09
659,1,0,0,0.411523311123845,Medio,2026-05-09
660,3,1,0,0.4674140373517455,Medio,2026-05-09
661,5,0,1,0.5278613018385816,Medio,2026-05-09
662,2,0,0,0.4815468733199327,Medio,2026-05-09
663,4,1,0,0.4740670954347796,Medio,2026-05-09
664,2,0,0,0.40991652501603687,Medio,2026-05-09
665,5,1,1,0.5770085469202232,Medio,2026-05-09
666,3,1,0,0.4850216510206466,Medio,2026-05-09
667,0,0,0,0.40346839703761367,Medio,2026-05-09
668,0,0,1,0.5674447702105003,Medio,2026-05-09
669,1,0,0,0.38987754234376676,Bajo,2026-05-09
670,0,0,0,0.48002018292833676,Medio,2026-05-09
671,5,0,0,0.47520421267457236,Medio,2026-05-09
672,5,1,1,0.5603540739016721,Medio,2026-05-09
673,2,0,0,0.44407946373143453,Medio,2026-05-09
674,1,0,0,0.47866003580560557,Medio,2026-05-09
675,3,1,0,0.4596111996439592,Medio,2026-05-09
676,2,0,1,0.5410595886614282,Medio,2026-05-09
677,2,0,0,0.4291296938977806,Medio,2026-05-09
678,2,0,0,0.394930414427731,Bajo,2026-05-09
679,2,1,0,0.4656049150447783,Medio,2026-05-09
680,5,1,1,0.5256426892981545,Medio,2026-05-09
681,1,0,1,0.5495703333489381,Medio,2026-05-09
682,4,1,1,0.5516483171564207,Medio,2026-05-09
683,2,1,1,0.5404612887757447,Medio,2026-05-09
684,3,1,0,0.4797570279762601,Medio,2026-05-09
685,5,1,0,0.4322852716934157,Medio,2026-05-09
686,3,0,0,0.41060224962488656,Medio,2026-05-09
687,3,0,0,0.4540661278063722,Medio,2026-05-09
688,4,0,0,0.45785212523218427,Medio,2026-05-09
689,2,0,0,0.386139390716334,Bajo,2026-05-09
690,3,0,0,0.42566628374563215,Medio,2026-05-09
691,1,0,0,0.4093444178180839,Medio,2026-05-09
692,2,1,1,0.6170621326168125,Medio,2026-05-09
693,0,0,1,0.534617807481094,Medio,2026-05-09
694,4,1,1,0.5521414506076462,Medio,2026-05-09
695,5,1,1,0.5002371354037283,Medio,2026-05-09
696,2,0,0,0.4405664892061935,Medio,2026-05-09
697,2,1,0,0.4880396629226691,Medio,2026-05-09
698,2,0,0,0.43385698807225803,Medio,2026-05-09
699,2,1,0,0.4290301102051888,Medio,2026-05-09
700,2,0,0,0.39179369669498243,Bajo,2026-05-09
701,2,0,0,0.39906735452035913,Bajo,2026-05-09
702,5,1,1,0.5933960051122582,Medio,2026-05-09
703,6,1,1,0.6112390012309311,Medio,2026-05-09
704,2,1,1,0.5232046430278868,Medio,2026-05-09
705,1,0,0,0.44783164896214217,Medio,2026-05-09
706,4,1,1,0.6844464997618467,Medio,2026-05-09
707,4,1,0,0.4824676995124193,Medio,2026-05-09
708,3,0,0,0.43541515735005304,Medio,2026-05-09
709,5,0,0,0.42074300349166044,Medio,2026-05-09
710,2,0,0,0.3940167145094904,Bajo,2026-05-09
711,6,0,0,0.4723808262760123,Medio,2026-05-09
712,6,0,1,0.5398857195869159,Medio,2026-05-09
713,4,1,0,0.43833050687231634,Medio,2026-05-09
714,0,0,0,0.4040613877906103,Medio,2026-05-09
715,5,0,0,0.47286716515010113,Medio,2026-05-09
716,2,0,0,0.43647549556748777,Medio,2026-05-09
717,3,1,0,0.468495131384376,Medio,2026-05-09
718,2,0,0,0.3964896981669327,Bajo,2026-05-09
719,5,1,1,0.5269439788887916,Medio,2026-05-09
720,0,0,0,0.397051740410166,Bajo,2026-05-09
721,1,0,0,0.4056384835982604,Medio,2026-05-09
722,2,1,0,0.466815374356292,Medio,2026-05-09
723,1,0,0,0.39757593802677144,Bajo,2026-05-09
724,3,1,1,0.5393288049695731,Medio,2026-05-09
725,3,1,1,0.6594491184155072,Medio,2026-05-09
726,3,1,0,0.49591989571388106,Medio,2026-05-09
727,5,1,1,0.5941389522976305,Medio,2026-05-09
728,0,0,0,0.39266083683802977,Bajo,2026-05-09
729,4,0,0,0.4835588763957447,Medio,2026-05-09
730,3,1,0,0.41209627287886624,Medio,2026-05-09
731,1,0,0,0.37303219856692515,Bajo,2026-05-09
732,0,0,0,0.4812879447875147,Medio,2026-05-09
733,1,1,0,0.488915327639688,Medio,2026-05-09
734,2,1,0,0.4374809989595392,Medio,2026-05-09
735,2,0,0,0.3876906386560664,Bajo,2026-05-09
736,0,1,1,0.505172799140171,Medio,2026-05-09
737,6,1,1,0.53324194212768,Medio,2026-05-09
738,1,1,1,0.5202231382509515,Medio,2026-05-09
739,0,0,0,0.39239447889074547,Bajo,2026-05-09
740,1,0,0,0.45988899945276424,Medio,2026-05-09
741,4,1,0,0.44047775423681074,Medio,2026-05-09
742,2,0,0,0.3853694889307772,Bajo,2026-05-09
743,4,0,0,0.44341232850874573,Medio,2026-05-09
744,0,0,0,0.4561702019678185,Medio,2026-05-09
745,4,1,1,0.5279787790888215,Medio,2026-05-09
746,6,1,1,0.576288515573221,Medio,2026-05-09
747,1,0,0,0.47279305895272544,Medio,2026-05-09
748,4,1,0,0.49654215553063297,Medio,2026-05-09
749,1,0,0,0.4327797611783117,Medio,2026-05-09
750,4,0,0,0.408787437869407,Medio,2026-05-09
751,2,0,0,0.366447995562413,Bajo,2026-05-09
752,5,0,0,0.4236892011095662,Medio,2026-05-09
753,3,0,0,0.4577362611170829,Medio,2026-05-09
754,2,0,0,0.36642590128738833,Bajo,2026-05-09
755,4,1,1,0.5414320548948743,Medio,2026-05-09
756,3,1,0,0.44029840654912994,Medio,2026-05-09
757,1,0,0,0.49179610164150994,Medio,2026-05-09
758,0,0,0,0.4244339539573147,Medio,2026-05-09
759,6,1,0,0.491193531413494,Medio,2026-05-09
760,5,1,1,0.5024015790882062,Medio,2026-05-09
761,1,0,0,0.38844524906343686,Bajo,2026-05-09
762,5,1,1,0.5363311555476833,Medio,2026-05-09
763,0,0,0,0.4180572183878908,Medio,2026-05-09
764,5,1,1,0.5467576612951338,Medio,2026-05-09
765,2,0,0,0.4727974144634991,Medio,2026-05-09
766,4,1,1,0.525834855764731,Medio,2026-05-09
767,0,0,0,0.4106786594179522,Medio,2026-05-09
768,1,0,0,0.3676436772856186,Bajo,2026-05-09
769,3,0,0,0.37032471162708647,Bajo,2026-05-09
770,2,0,0,0.37978081924496254,Bajo,2026-05-09
771,1,0,0,0.4244693309008614,Medio,2026-05-09
772,4,1,1,0.6961166849104997,Medio,2026-05-09
773,4,0,0,0.45337572147451893,Medio,2026-05-09
774,3,0,0,0.4267344927486568,Medio,2026-05-09
775,2,0,0,0.4505741012177571,Medio,2026-05-09
776,1,0,0,0.4316344878129847,Medio,2026-05-09
777,0,0,0,0.45754869031162926,Medio,2026-05-09
778,5,1,1,0.58352547851558,Medio,2026-05-09
779,6,1,1,0.5868920854930283,Medio,2026-05-09
780,4,1,1,0.559213630555798,Medio,2026-05-09
781,0,0,0,0.41498849731859627,Medio,2026-05-09
782,2,0,0,0.47990921842031065,Medio,2026-05-09
783,0,0,0,0.473465436591134,Medio,2026-05-09
784,1,0,1,0.5310455142042919,Medio,2026-05-09
785,5,1,1,0.535243787564879,Medio,2026-05-09
786,0,0,0,0.48275658697855833,Medio,2026-05-09
787,3,1,0,0.46001025139450646,Medio,2026-05-09
788,0,0,0,0.4521000269103759,Medio,2026-05-09
789,3,1,1,0.5973722982870904,Medio,2026-05-09
790,3,0,0,0.44937416931444824,Medio,2026-05-09
791,1,0,0,0.48347563800591503,Medio,2026-05-09
792,2,0,0,0.43347561118015093,Medio,2026-05-09
793,2,0,0,0.36320443239463335,Bajo,2026-05-09
794,1,0,1,0.5080236375425715,Medio,2026-05-09
795,6,1,1,0.5998137779170643,Medio,2026-05-09
796,4,0,0,0.4622941685338457,Medio,2026-05-09
797,6,1,1,0.5201502314602751,Medio,2026-05-09
798,4,0,0,0.42592573514215537,Medio,2026-05-09
799,3,0,0,0.3566219888366262,Bajo,2026-05-09
800,1,0,0,0.36072579818138195,Bajo,2026-05-09
801,0,0,0,0.37790710085105134,Bajo,2026-05-09
802,1,1,0,0.4913574641212445,Medio,2026-05-09
803,0,0,0,0.45623439660293236,Medio,2026-05-09
804,2,1,0,0.4862035013308679,Medio,2026-05-09
805,1,1,1,0.5422487255157035,Medio,2026-05-09
806,1,0,0,0.4210231819360738,Medio,2026-05-09
807,2,1,0,0.4833476621844317,Medio,2026-05-09
808,3,1,0,0.48279878928048864,Medio,2026-05-09
809,4,1,1,0.5135141007492394,Medio,2026-05-09
810,2,0,0,0.4403900360228835,Medio,2026-05-09
811,3,0,0,0.3957739926248891,Bajo,2026-05-09
812,1,0,0,0.4988075723399993,Medio,2026-05-09
813,6,1,1,0.5081144425394721,Medio,2026-05-09
814,4,0,0,0.4563009593533277,Medio,2026-05-09
815,4,1,1,0.530476724761044,Medio,2026-05-09
816,5,0,0,0.45179513376105623,Medio,2026-05-09
817,2,1,1,0.5311391930648134,Medio,2026-05-09
818,4,1,1,0.7145526380567783,Alto,2026-05-09
819,1,0,0,0.4034595571682897,Medio,2026-05-09
820,1,0,0,0.43258221205685854,Medio,2026-05-09
821,6,1,0,0.43667619889032744,Medio,2026-05-09
822,3,0,0,0.4506751115789456,Medio,2026-05-09
823,5,1,1,0.5727606735316977,Medio,2026-05-09
824,3,1,0,0.46853918038835607,Medio,2026-05-09
825,3,1,0,0.44571169938459576,Medio,2026-05-09
826,0,0,0,0.49655820178653004,Medio,2026-05-09
827,1,0,0,0.40549402927856787,Medio,2026-05-09
828,5,1,1,0.5048796592167887,Medio,2026-05-09
829,0,0,0,0.39260331022387573,Bajo,2026-05-09
830,5,0,0,0.49551495117888406,Medio,2026-05-09
831,1,1,0,0.4743394495603991,Medio,2026-05-09
832,1,0,0,0.4472480801870516,Medio,2026-05-09
833,4,1,1,0.5530925012836662,Medio,2026-05-09
834,5,0,1,0.532487353330989,Medio,2026-05-09
835,3,1,1,0.5150055985150837,Medio,2026-05-09
836,3,0,0,0.41309191324374955,Medio,2026-05-09
837,5,1,1,0.5339431613264034,Medio,2026-05-09
838,2,0,0,0.3664575084413398,Bajo,2026-05-09
839,3,1,0,0.47797415122080655,Medio,2026-05-09
840,0,0,0,0.45416010958354086,Medio,2026-05-09
841,6,1,1,0.541586170077707,Medio,2026-05-09
842,5,0,0,0.4732257086759278,Medio,2026-05-09
843,0,0,0,0.4807210874180272,Medio,2026-05-09
844,6,1,1,0.6480328981721639,Medio,2026-05-09
845,1,0,1,0.5210992190082123,Medio,2026-05-09
846,0,1,0,0.49753096992072154,Medio,2026-05-09
847,2,1,0,0.37086176202974847,Bajo,2026-05-09
848,5,0,0,0.44107104344854675,Medio,2026-05-09
849,0,0,0,0.4339488667992971,Medio,2026-05-09
850,6,0,1,0.5753120041437888,Medio,2026-05-09
851,3,1,1,0.533296662273447,Medio,2026-05-09
852,3,0,0,0.4286841574415056,Medio,2026-05-09
853,6,0,0,0.40972816623299413,Medio,2026-05-09
854,3,0,0,0.4669009958175173,Medio,2026-05-09
855,0,0,0,0.49962404451547593,Medio,2026-05-09
856,0,0,0,0.45183144107088635,Medio,2026-05-09
857,4,0,0,0.44933856342278494,Medio,2026-05-09
858,2,0,0,0.37628347774405263,Bajo,2026-05-09
859,6,0,0,0.4671281513139155,Medio,2026-05-09
860,5,0,0,0.44600840877682996,Medio,2026-05-09
861,5,0,0,0.4607632685051168,Medio,2026-05-09
862,4,1,0,0.41859453601914964,Medio,2026-05-09
863,3,1,1,0.503780379530332,Medio,2026-05-09
864,0,0,0,0.47308395878592363,Medio,2026-05-09
865,2,0,0,0.4546888645779788,Medio,2026-05-09
866,1,0,0,0.4162057164007744,Medio,2026-05-09
867,1,1,1,0.6144685985760081,Medio,2026-05-09
868,3,1,0,0.4931954143065287,Medio,2026-05-09
869,5,1,1,0.5825450134964713,Medio,2026-05-09
870,2,0,0,0.38744194580732416,Bajo,2026-05-09
871,1,0,0,0.4156571105624763,Medio,2026-05-09
872,0,0,0,0.3802171032017215,Bajo,2026-05-09
873,0,0,0,0.4100605029155443,Medio,2026-05-09
874,3,1,0,0.4153187534783577,Medio,2026-05-09
875,5,0,0,0.4310801888628882,Medio,2026-05-09
876,5,1,1,0.6024475568001462,Medio,2026-05-09
877,5,0,0,0.42473642636678116,Medio,2026-05-09
878,3,0,0,0.37770611453560143,Bajo,2026-05-09
879,5,1,1,0.5737576941757846,Medio,2026-05-09
880,1,0,0,0.4196360136185383,Medio,2026-05-09
881,5,0,0,0.4713651850083141,Medio,2026-05-09
882,2,0,0,0.44001487991008104,Medio,2026-05-09
883,4,1,1,0.5865422773000588,Medio,2026-05-09
884,3,1,1,0.549368419874008,Medio,2026-05-09
885,0,0,0,0.4184718291080014,Medio,2026-05-09
886,5,1,1,0.6381151482160132,Medio,2026-05-09
887,0,0,0,0.3914400660256775,Bajo,2026-05-09
888,1,0,0,0.41632442344865084,Medio,2026-05-09
889,1,0,0,0.4488384731372249,Medio,2026-05-09
890,0,0,0,0.36403807873690025,Bajo,2026-05-09
891,5,0,0,0.4468546848998637,Medio,2026-05-09
892,4,0,0,0.39937068000376946,Bajo,2026-05-09
893,4,0,0,0.4926057221903535,Medio,2026-05-09
894,5,1,1,0.5354658857989779,Medio,2026-05-09
895,5,0,0,0.38629700799258865,Bajo,2026-05-09
896,5,1,1,0.5127575149383568,Medio,2026-05-09
897,1,0,1,0.5515855646609029,Medio,2026-05-09
898,1,0,0,0.4804531036016275,Medio,2026-05-09
899,4,1,1,0.5436116327569225,Medio,2026-05-09
900,2,0,0,0.3755526835968802,Bajo,2026-05-09
901,5,1,1,0.5373155074992874,Medio,2026-05-09
902,4,0,0,0.43125230147374777,Medio,2026-05-09
903,3,0,0,0.40859064809549933,Medio,2026-05-09
904,1,0,0,0.4280952915461679,Medio,2026-05-09
905,3,0,0,0.44230747181669494,Medio,2026-05-09
906,4,1,1,0.6494682240861449,Medio,2026-05-09
907,5,0,0,0.42029744689730303,Medio,2026-05-09
908,1,0,1,0.5375358663866198,Medio,2026-05-09
909,6,1,0,0.46691256762179284,Medio,2026-05-09
910,6,1,1,0.5566952667283412,Medio,2026-05-09
911,4,1,0,0.4944673446256918,Medio,2026-05-09
912,4,0,1,0.5705751893978963,Medio,2026-05-09
913,5,1,1,0.5772920840924693,Medio,2026-05-09
914,1,0,0,0.3930189614431928,Bajo,2026-05-09
915,5,1,1,0.5510180116909709,Medio,2026-05-09
916,0,0,0,0.41537961112867955,Medio,2026-05-09
917,4,1,1,0.511415479503491,Medio,2026-05-09
918,6,0,0,0.4284689445938297,Medio,2026-05-09
919,6,1,1,0.516108349450969,Medio,2026-05-09
920,5,0,1,0.5156526454522564,Medio,2026-05-09
921,0,0,0,0.46044051694527605,Medio,2026-05-09
922,5,0,1,0.557353151432566,Medio,2026-05-09
923,4,1,1,0.6163147986339494,Medio,2026-05-09
924,1,0,1,0.5075382078588769,Medio,2026-05-09
925,3,1,0,0.4994255730907696,Medio,2026-05-09
926,5,1,1,0.6155966995380007,Medio,2026-05-09
927,1,0,0,0.4296163471604004,Medio,2026-05-09
928,3,1,0,0.4274691620676899,Medio,2026-05-09
929,0,1,0,0.48864389008852144,Medio,2026-05-09
930,3,0,0,0.4233746925781406,Medio,2026-05-09
931,5,1,1,0.5010308752854388,Medio,2026-05-09
932,2,1,1,0.5963076805367641,Medio,2026-05-09
933,4,1,0,0.49402477835210024,Medio,2026-05-09
934,1,0,0,0.36987301421422003,Bajo,2026-05-09
935,5,0,0,0.43736104173612234,Medio,2026-05-09
936,2,0,0,0.43561453407958034,Medio,2026-05-09
937,1,0,1,0.5823162769462787,Medio,2026-05-09
938,5,1,1,0.5096381865574618,Medio,2026-05-09
939,1,0,0,0.4106723233117308,Medio,2026-05-09
940,2,0,0,0.48718510998581577,Medio,2026-05-09
941,6,0,1,0.5838456334173922,Medio,2026-05-09
942,1,0,0,0.4271252878350238,Medio,2026-05-09
943,0,0,0,0.41590134098639353,Medio,2026-05-09
944,2,1,0,0.4429079951812802,Medio,2026-05-09
945,3,1,1,0.510525820968461,Medio,2026-05-09
946,3,0,0,0.4149993014853519,Medio,2026-05-09
947,0,0,1,0.5071507833997531,Medio,2026-05-09
948,4,1,1,0.5609230479749834,Medio,2026-05-09
949,2,0,1,0.5075149730376262,Medio,2026-05-09
950,3,1,1,0.5503679280392888,Medio,2026-05-09
951,3,1,0,0.47426744786069447,Medio,2026-05-09
952,4,1,1,0.5383960228405015,Medio,2026-05-09
953,5,1,1,0.5813756628006985,Medio,2026-05-09
954,6,1,1,0.5761486259347868,Medio,2026-05-09
955,1,0,0,0.48028939206216903,Medio,2026-05-09
956,0,0,0,0.45125966642132975,Medio,2026-05-09
957,6,1,1,0.5415925647772831,Medio,2026-05-09
958,6,1,1,0.6226445658953124,Medio,2026-05-09
959,4,1,1,0.5797192234748537,Medio,2026-05-09
960,2,1,1,0.5302945264660684,Medio,2026-05-09
961,2,0,0,0.43824804604860357,Medio,2026-05-09
962,5,0,0,0.4772312687410634,Medio,2026-05-09
963,3,0,0,0.476291809631756,Medio,2026-05-09
964,6,1,1,0.5311358212734587,Medio,2026-05-09
965,1,0,1,0.5426944527794798,Medio,2026-05-09
966,1,0,0,0.4303697578040591,Medio,2026-05-09
967,1,0,0,0.39771762071534844,Bajo,2026-05-09
968,5,0,1,0.5154306463812575,Medio,2026-05-09
969,4,1,0,0.4539014857977753,Medio,2026-05-09
970,2,0,0,0.39079742303918297,Bajo,2026-05-09
971,2,0,0,0.37367392027521446,Bajo,2026-05-09
972,2,0,1,0.5561119715686004,Medio,2026-05-09
973,2,0,1,0.5180817310670103,Medio,2026-05-09
974,5,1,1,0.5986066993411253,Medio,2026-05-09
975,6,1,0,0.468989962750593,Medio,2026-05-09
976,3,0,0,0.45834322618744877,Medio,2026-05-09
977,1,1,1,0.5352236106477292,Medio,2026-05-09
978,2,1,1,0.6071735083058784,Medio,2026-05-09
979,2,1,0,0.484861820204608,Medio,2026-05-09
980,1,0,0,0.3904969533728635,Bajo,2026-05-09
981,6,0,0,0.462300150937982,Medio,2026-05-09
982,0,0,0,0.39819493834603703,Bajo,2026-05-09
983,4,1,1,0.6634653309359341,Medio,2026-05-09
984,1,0,0,0.39625162373516715,Bajo,2026-05-09
985,1,1,1,0.5758946258246056,Medio,2026-05-09
986,4,0,0,0.38305542758373845,Bajo,2026-05-09
987,5,1,1,0.5658555946388927,Medio,2026-05-09
988,6,1,1,0.5679480199997212,Medio,2026-05-09
989,0,0,1,0.535856432791349,Medio,2026-05-09
990,0,0,0,0.4644710555367916,Medio,2026-05-09
991,1,0,0,0.4153222777024695,Medio,2026-05-09
992,2,0,0,0.4851795727146007,Medio,2026-05-09
993,5,1,1,0.5040129278587951,Medio,2026-05-09
994,5,0,1,0.5384112432502662,Medio,2026-05-09
995,3,0,0,0.4277260408608361,Medio,2026-05-09
996,6,1,1,0.5200941845438232,Medio,2026-05-09
997,0,0,0,0.44493432213346473,Medio,2026-05-09
998,5,1,1,0.5261499903661953,Medio,2026-05-09
999,1,1,1,0.570332465385241,Medio,2026-05-09
1000,5,0,1,0.5165763433054207,Medio,2026-05-09
1001,4,1,1,0.5009147681254023,Medio,2026-05-09
1002,1,0,0,0.4719591912558083,Medio,2026-05-09
1003,0,0,0,0.45666854473500057,Medio,2026-05-09
1004,2,0,0,0.40814044191182186,Medio,2026-05-09
1005,0,0,0,0.42464428939595833,Medio,2026-05-09
1006,4,1,1,0.6639810397223271,Medio,2026-05-09
1007,3,1,0,0.4707991367374815,Medio,2026-05-09
1008,6,1,1,0.534962560353733,Medio,2026-05-09
1009,5,1,1,0.5398234787933255,Medio,2026-05-09
1010,1,0,0,0.45242985013248793,Medio,2026-05-09
1011,4,1,0,0.43594057760358795,Medio,2026-05-09
1012,4,0,0,0.44732889349379457,Medio,2026-05-09
1013,5,0,1,0.5147333388243789,Medio,2026-05-09
1014,5,1,1,0.5355532031707265,Medio,2026-05-09
1015,3,1,1,0.5293740689843316,Medio,2026-05-09
1016,2,1,1,0.5576916781924706,Medio,2026-05-09
1017,3,1,1,0.5830058832699436,Medio,2026-05-09
1018,4,0,0,0.484181608189466,Medio,2026-05-09
1019,4,0,0,0.4812190845796975,Medio,2026-05-09
1020,3,1,1,0.5916348631629661,Medio,2026-05-09
1021,3,0,0,0.47868391055936516,Medio,2026-05-09
1022,2,0,0,0.4789314651848524,Medio,2026-05-09
1023,6,1,1,0.5847193636990009,Medio,2026-05-09
1024,6,1,1,0.524255376553128,Medio,2026-05-09
1025,0,0,0,0.3698981185181704,Bajo,2026-05-09
1026,5,0,0,0.43921354304848004,Medio,2026-05-09
1027,3,0,0,0.43377040678044393,Medio,2026-05-09
1028,5,0,0,0.4815060879435812,Medio,2026-05-09
1029,2,0,0,0.4652550610517078,Medio,2026-05-09
1030,1,0,0,0.4240235059038717,Medio,2026-05-09
1031,4,0,0,0.46006625918602895,Medio,2026-05-09
1032,3,1,1,0.5085427503757822,Medio,2026-05-09
1033,4,1,1,0.5605493243643374,Medio,2026-05-09
1034,3,0,0,0.4417930426231977,Medio,2026-05-09
1035,3,1,1,0.5581943297274959,Medio,2026-05-09
1036,0,0,0,0.4332203823836403,Medio,2026-05-09
1037,0,0,0,0.45312124491781036,Medio,2026-05-09
1038,5,1,1,0.5347150960841414,Medio,2026-05-09
1039,4,0,0,0.3259693172893269,Bajo,2026-05-09
1040,5,0,0,0.4166574822353214,Medio,2026-05-09
1041,0,0,0,0.4781940025730076,Medio,2026-05-09
1042,4,0,0,0.4472091149832948,Medio,2026-05-09
1043,3,1,1,0.5343828429970153,Medio,2026-05-09
1044,2,0,0,0.4762726778034417,Medio,2026-05-09
1045,6,0,0,0.4631263221050264,Medio,2026-05-09
1046,4,0,0,0.4610867194971999,Medio,2026-05-09
1047,5,0,1,0.5035015805405232,Medio,2026-05-09
1048,2,0,0,0.382160586450593,Bajo,2026-05-09
1049,1,0,0,0.4715948957760485,Medio,2026-05-09
1050,0,0,0,0.4501197954511106,Medio,2026-05-09
1051,3,0,0,0.449298085051453,Medio,2026-05-09
1052,1,0,0,0.3862781021924194,Bajo,2026-05-09
1053,6,1,1,0.593287857744998,Medio,2026-05-09
1054,1,1,1,0.5503063747509116,Medio,2026-05-09
1055,6,1,1,0.6260770639514551,Medio,2026-05-09
1056,5,0,0,0.38850964103477414,Bajo,2026-05-09
1057,2,1,1,0.5009978389184453,Medio,2026-05-09
1058,3,1,1,0.5585846915525411,Medio,2026-05-09
1059,6,1,1,0.6130464350089546,Medio,2026-05-09
1060,6,1,0,0.3833164404053683,Bajo,2026-05-09
1061,6,0,0,0.4320060356762497,Medio,2026-05-09
1062,4,1,0,0.44323477652969984,Medio,2026-05-09
1063,1,0,0,0.44827348662550703,Medio,2026-05-09
1064,4,1,0,0.4702016242352881,Medio,2026-05-09
1065,2,1,1,0.5097428302003002,Medio,2026-05-09
1066,0,0,0,0.4920519899834301,Medio,2026-05-09
1067,6,1,1,0.5613433001147454,Medio,2026-05-09
1068,2,1,0,0.442475033183731,Medio,2026-05-09
1069,1,0,0,0.4343859041292055,Medio,2026-05-09
1070,3,0,0,0.43873330111966186,Medio,2026-05-09
1071,1,1,1,0.5567833548126022,Medio,2026-05-09
1072,0,0,0,0.384539484229145,Bajo,2026-05-09
1073,1,0,0,0.4943328703023529,Medio,2026-05-09
1074,0,0,0,0.3845103515386593,Bajo,2026-05-09
1075,0,0,0,0.3360551522277979,Bajo,2026-05-09
1076,2,0,0,0.40785682310242,Medio,2026-05-09
1077,1,0,0,0.3418463869988317,Bajo,2026-05-09
1078,5,0,0,0.4887716335156735,Medio,2026-05-09
1079,1,0,0,0.4388579385527111,Medio,2026-05-09
1080,3,1,1,0.5180240137480441,Medio,2026-05-09
1081,4,0,0,0.4229932563908891,Medio,2026-05-09
1082,1,0,0,0.42816010553269185,Medio,2026-05-09
1083,4,0,0,0.42254891381796084,Medio,2026-05-09
1084,3,1,1,0.5463154109897143,Medio,2026-05-09
1085,0,0,0,0.3543091529893168,Bajo,2026-05-09
1086,2,0,0,0.4051787996774861,Medio,2026-05-09
1087,4,0,0,0.43471911951468295,Medio,2026-05-09
1088,5,1,1,0.5141942967435074,Medio,2026-05-09
1089,3,0,0,0.4248447910043536,Medio,2026-05-09
1090,6,1,0,0.45965909777083686,Medio,2026-05-09
1091,1,1,1,0.6091710330584613,Medio,2026-05-09
1092,0,0,0,0.3504882362585696,Bajo,2026-05-09
1093,3,1,1,0.5215465212874777,Medio,2026-05-09
1094,6,1,0,0.49764217696993596,Medio,2026-05-09
1095,2,0,0,0.3718986728679645,Bajo,2026-05-09
1096,4,1,1,0.5226222357966612,Medio,2026-05-09
1097,6,0,0,0.44041680464690736,Medio,2026-05-09
1098,1,0,0,0.42243751302665616,Medio,2026-05-09
1099,6,0,0,0.3789405179976424,Bajo,2026-05-09
1100,4,1,1,0.6443142761979425,Medio,2026-05-09
1101,6,0,0,0.45826090495977456,Medio,2026-05-09
1102,5,0,0,0.49222993844253077,Medio,2026-05-09
1103,4,0,0,0.44858293542406696,Medio,2026-05-09
1104,0,0,0,0.3733271006151834,Bajo,2026-05-09
1105,5,0,0,0.37083651246974286,Bajo,2026-05-09
1106,3,1,1,0.5927644301272265,Medio,2026-05-09
1107,4,0,0,0.43532055972111183,Medio,2026-05-09
1108,1,0,0,0.3982994619246238,Bajo,2026-05-09
1109,5,1,0,0.46562731410114094,Medio,2026-05-09
1110,0,0,0,0.39885094237639346,Bajo,2026-05-09
1111,2,1,1,0.5161387494803845,Medio,2026-05-09
1112,5,0,0,0.4774923043246014,Medio,2026-05-09
1113,2,0,0,0.4577992093560941,Medio,2026-05-09
1114,0,0,0,0.41167148581739843,Medio,2026-05-09
1115,3,0,0,0.4431350456287229,Medio,2026-05-09
1116,0,0,0,0.39251321060611316,Bajo,2026-05-09
1117,3,1,0,0.483922032153094,Medio,2026-05-09
1118,4,1,0,0.4989731130884492,Medio,2026-05-09
1119,4,1,1,0.5842617741249901,Medio,2026-05-09
1120,6,1,0,0.4408046736665902,Medio,2026-05-09
1121,5,0,0,0.4527660665329083,Medio,2026-05-09
1122,0,0,0,0.4333254842290195,Medio,2026-05-09
1123,2,1,1,0.5622707622538968,Medio,2026-05-09
1124,5,1,1,0.6013120508322798,Medio,2026-05-09
1125,4,1,0,0.4959740050687217,Medio,2026-05-09
1126,4,1,1,0.5263548455697217,Medio,2026-05-09
1127,5,1,1,0.5803301297737962,Medio,2026-05-09
1128,1,0,0,0.3862607734439294,Bajo,2026-05-09
1129,1,0,0,0.4196453423353844,Medio,2026-05-09
1130,2,0,0,0.40172771261823464,Medio,2026-05-09
1131,1,0,0,0.3745460729434569,Bajo,2026-05-09
1132,5,1,1,0.5134980834478934,Medio,2026-05-09
1133,4,0,0,0.4347032102067557,Medio,2026-05-09
1134,3,1,1,0.5064025673954334,Medio,2026-05-09
1135,2,0,0,0.49292278589500493,Medio,2026-05-09
1136,5,1,1,0.5049899538902904,Medio,2026-05-09
1137,2,0,0,0.4053113444341818,Medio,2026-05-09
1138,1,0,0,0.3664540826592587,Bajo,2026-05-09
1139,3,1,1,0.5500404727458785,Medio,2026-05-09
1140,3,0,0,0.38583602878292217,Bajo,2026-05-09
1141,2,1,1,0.5920107711110358,Medio,2026-05-09
1142,1,1,0,0.4914000081714325,Medio,2026-05-09
1143,1,0,0,0.3865214182272871,Bajo,2026-05-09
1144,1,0,0,0.3651000795852963,Bajo,2026-05-09
1145,3,1,1,0.5080063378700317,Medio,2026-05-09
1146,4,1,1,0.5852880377422787,Medio,2026-05-09
1147,4,1,0,0.470500690281867,Medio,2026-05-09
1148,5,1,1,0.5758256903333558,Medio,2026-05-09
1149,1,0,0,0.4005133378017409,Medio,2026-05-09
1150,4,0,0,0.3714530100696329,Bajo,2026-05-09
1151,3,0,0,0.4010694639137492,Medio,2026-05-09
1152,6,1,1,0.5297879622696451,Medio,2026-05-09
1153,4,1,1,0.6243134469334217,Medio,2026-05-09
1154,4,1,0,0.4800766945349706,Medio,2026-05-09
1155,1,1,1,0.578986630858571,Medio,2026-05-09
1156,2,0,0,0.3926409341705923,Bajo,2026-05-09
1157,0,0,0,0.37261260525042617,Bajo,2026-05-09
1158,6,0,0,0.413650008228772,Medio,2026-05-09
1159,3,0,0,0.47555252240923435,Medio,2026-05-09
1160,4,1,1,0.6805894879280291,Medio,2026-05-09
1161,6,0,1,0.5148894225095648,Medio,2026-05-09
1162,1,0,0,0.4835693772444436,Medio,2026-05-09
1163,1,0,0,0.4368008451415064,Medio,2026-05-09
1164,3,1,1,0.5988950471384882,Medio,2026-05-09
1165,2,1,1,0.6415816155856631,Medio,2026-05-09
1166,6,1,1,0.5518284893399903,Medio,2026-05-09
1167,4,0,1,0.5189072776077461,Medio,2026-05-09
1168,2,0,0,0.41463906828533065,Medio,2026-05-09
1169,4,1,1,0.5661206258196877,Medio,2026-05-09
1170,1,0,0,0.42734873372516075,Medio,2026-05-09
1171,4,1,1,0.5179429840319051,Medio,2026-05-09
1172,4,1,0,0.4614454923497271,Medio,2026-05-09
1173,1,0,0,0.4216873326179798,Medio,2026-05-09
1174,3,0,0,0.44255088887434185,Medio,2026-05-09
1175,2,1,0,0.4992119865546988,Medio,2026-05-09
1176,5,0,0,0.4845856965580436,Medio,2026-05-09
1177,6,0,0,0.4413770718874077,Medio,2026-05-09
1178,5,1,1,0.5823170593115989,Medio,2026-05-09
1179,2,0,0,0.43573650867330016,Medio,2026-05-09
1180,4,1,1,0.5887872707742919,Medio,2026-05-09
1181,3,0,0,0.45895390632101807,Medio,2026-05-09
1182,0,0,0,0.40545751113430056,Medio,2026-05-09
1183,4,0,0,0.4822842486476899,Medio,2026-05-09
1184,1,1,1,0.5700497192650832,Medio,2026-05-09
1185,5,1,1,0.5329431429050601,Medio,2026-05-09
1186,0,0,0,0.4075529075214312,Medio,2026-05-09
1187,3,1,0,0.49445439408418923,Medio,2026-05-09
1188,0,0,0,0.4490152716680403,Medio,2026-05-09
1189,1,0,0,0.4336440865743316,Medio,2026-05-09
1190,3,1,1,0.5893568920242869,Medio,2026-05-09
1191,0,0,0,0.4764672626983367,Medio,2026-05-09
1192,5,1,1,0.6467648212533592,Medio,2026-05-09
1193,1,0,1,0.5494257253494605,Medio,2026-05-09
1194,1,0,1,0.5005272992242141,Medio,2026-05-09
1195,2,0,0,0.3858681580472705,Bajo,2026-05-09
1196,1,0,0,0.473948065790466,Medio,2026-05-09
1197,0,0,0,0.4296606048246113,Medio,2026-05-09
1198,0,0,0,0.4120883486897488,Medio,2026-05-09
1199,6,1,0,0.4249407668928621,Medio,2026-05-09
1200,2,1,1,0.5729847646792363,Medio,2026-05-09
